Date,LocalName,Name,CountryCode,Fixed,Global,LaunchYear,Type
2020-01-01,Новий Рік,New Year's Day,UA,True,True,,Public
2020-01-07,Різдво,(Julian) Christmas,UA,True,True,,Public
2020-03-08,Міжнародний жіночий день,International Women's Day,UA,True,True,,Public
2020-04-19,Великдень,(Julian) Easter Sunday,UA,False,True,,Public
2020-05-01,День праці,International Workers' Day,UA,True,True,,Public
2020-05-09,День перемоги над нацизмом у Другій світовій війні,Victory day over Nazism in World War II,UA,True,True,,Public
2020-06-07,Трійця,(Julian) Pentecost,UA,False,True,,Public
2020-06-28,День Конституції,Constitution Day,UA,True,True,,Public
2020-08-24,День Незалежності,Independence Day,UA,True,True,,Public
2020-10-14,День захисника України,Defender of Ukraine Day,UA,True,True,,Public
2020-12-25,Різдво,(Gregorian and Revised Julian) Christmas,UA,True,True,,Public
